"","pvals","pvals_adj","enriched","seqs","Kingdom","Phylum","Class","Order","Family","Genus","Species","nb_non_zero"
"120",0.0001999800019998,0.00891910808919108,"Aut","GCGAGCGTTGTCCGGAATTACTGGGCGTAAAGGGTGCGTAGGCGGTTATTTAAGTCAGATGTGAAATACTTGAGCTTAACTCAGGGGCTGCATCTGATACTGGGTGACTAGAGTGCAGGAGAGGAAAGTGGAATTCCTAGTGTAGCGGTGGAATGCGTAGATATTAGGAGGAACACCAGTGGCGAAGGCGACTTTCTGGACTGTAACTGACGCTGAGGCACGAAAGTATGGGT","k__Bacteria","p__Firmicutes","c__Clostridia","o__Clostridiales",NA,NA,NA,18
"180",0.0001999800019998,0.00891910808919108,"Aut","GCAAGCGTTGTCCGGAATTACTGGGTGTAAAGGGAGCGTAGGCGGGGCGGCAAGCAAAATGTGAAACTGATCGGCTCAACCGGTCATTGCGTTTTGAACTGTCGCTCTTGAGTGGAGTAGAGGCAGGCGGAATTCCTAGTGTAGCGGTGAAATGCGTAGATATTAGGAGGAACACCAGTGGCGAAGGCGGCCTGCTGGGCTTTTACTGACGCTGAGGCTCGAAAGTGTGGGT","k__Bacteria","p__Firmicutes","c__Clostridia","o__Clostridiales","f__Ruminococcaceae",NA,NA,5
"221",0.0001999800019998,0.00891910808919108,"Aut","GCAAGCGTTGTCCGGATTTACTGGGTGTAAAGGGCGTGTAGCCGGAGAGACAAGTCAGATGTGAAATCCGCGGGCTCAACCCGCGAACTGCATTTGAAACTGTTTCCCTTGAGTATCGGAGAGGTAACCGGAATTCCTAGTGTAGCGGTGAAATGCGTAGATATTAGGAAGAACACCAGTGGCGAAGGCGGGTTACTGGACGACAACTGACGGTGAGGCGCGAAAGCGTGGGG","k__Bacteria","p__Firmicutes","c__Clostridia","o__Clostridiales","f__Ruminococcaceae","g__Oscillospira","s__",6
"239",0.0001999800019998,0.00891910808919108,"Control","GCAAGCGTTATCCGGATTTACTGGGTGTAAAGGGTGAGTAGGCGGTCATGCAAGTCATATGTGAAATGTCAGGGCTTAACCTTGGCGCTGCATAAGAAACTGTATGACTAGAGTGCAGGAGAGGTAAGCGGAATTCCTAGTGTAGCGGTGAAATGCGTAGATATTAGGAAGAACACCGGTGGCGAAGGCGGCTTACTGGACTGTTACTGACGCTGAGTCACGAAAGCGTGGGG","k__Bacteria","p__Firmicutes","c__Clostridia","o__Clostridiales","f__Lachnospiraceae","g__Clostridium","s__colinum",4
"297",0.0001999800019998,0.00891910808919108,"Control","ACGAGCGTTATCCGGATTTATTGGGTTTAAAGGGTGCGCAGGTGGTCTTGCAAGTCAGTGGTGAAAAGCTGAGGCTCAACCTCAGCCTTGCCGTTGAAACTGTAAGACTTGAGAGTACATGATGTGGGCGGAATGCGTAGTGTAGCGGTGAAATGCATAGATATTACGCAGAACTCCGATTGCGAAGGCAGCTCACAAAGGTATGTCTGACACTGAGGCACGAAAGCGTGGGG","k__Bacteria","p__Bacteroidetes","c__Bacteroidia","o__Bacteroidales","f__Porphyromonadaceae","g__Porphyromonas","s__",10
"371",0.0001999800019998,0.00891910808919108,"Aut","CCGAGCGTTGTCCGGAATCATTGGGCGTAAAGGGTACGTAGGCGGCCTAGTAAGTTAGAAGTGAAAGAATATAGCTCAACTATATAAAGCTTTTAAAACTGTTAGGCTTGAGAGATGAAAGGGAAAGTGGAATTCCTAGTGTAGCGGTGAAATGCGCAGATATTAGGAAGAATACCGGTGGCGAAGGCGACTTTCTGGTCATCATCTGACGCTGAGGTACGAAAGCGTGGGT","k__Bacteria","p__Firmicutes","c__Clostridia","o__Clostridiales","f__[Tissierellaceae]","g__Anaerococcus","s__",4
"397",0.0001999800019998,0.00891910808919108,"Control","GCGAGCGTTATCCGGATTCATTGGGCGTAAAGCGCGCGTAGGCGTCCCTTCAAGCGGCACCGTCGAAGCCGGGGGCTCAACCCCCGGAAGCGGGCCGAACTGGGGGGATCGAGTGCGGTAGGGGAAGGCGGAATTCCCGGTGTAGCGGTGAAATGCGCAGATATCGGGAAGAACACCGACGGCGAAGGCAGCCTTCTGGGCCGCCACTGACGCTGAGGCGCGAAAGCTGGGGG","k__Bacteria","p__Actinobacteria","c__Coriobacteriia","o__Coriobacteriales","f__Coriobacteriaceae","g__Slackia","s__",9
"431",0.0001999800019998,0.00891910808919108,"Control","GCAAGCGTTAATCGGAATTACTGGGCGTAAAGCGCACGTAGGCTGTTGTGTAAGTCAGGGGTGAAATCCCACGGCTCAACCGTGGAACTGCCCTTGATACTGCATGACTTGAATCCGGGAGAGGGTGGCGGAATTCCAGGTGTAGGAGTGAAATCCGTAGATATCTGGAGGAACATCAGTGGCGAAGGCGGCCACCTGGACCGGTATTGACGCTGAGGTGCGAAAGCGTGGGG","k__Bacteria","p__Proteobacteria","c__Deltaproteobacteria","o__Desulfovibrionales","f__Desulfovibrionaceae","g__Desulfovibrio","s__",6
"435",0.0001999800019998,0.00891910808919108,"Control","GCGAGCGTTAATCGGATTTACTGGGCGTAAAGCGTGCGTAGGCGGCTTTTTAAGTCGGATGTGAAATCCCTGAGCTTAACTTAGGAATTGCATTCGATACTGGGAAGCTAGAGTATGGGAGAGGATGGTAGAATTCCAGGTGTAGCGGTGAAATGCGTAGAGATCTGGAGGAATACCGATGGCGAAGGCAGCCATCTGGCCTAATACTGACGCTGAGGTACGAAAGCATGGGG","k__Bacteria","p__Proteobacteria","c__Gammaproteobacteria","o__Pseudomonadales","f__Moraxellaceae","g__Acinetobacter","s__johnsonii",9
"436",0.0001999800019998,0.00891910808919108,"Aut","GCGAGCGTTAATCGGAATAACTGGGCGTAAAGGGCACGCAGGCGGACTTTTAAGTGAGGTGTGAAAGCCCCGGGCTTAACCTGGGAATTGCATTTCAGACTGGGAGTCTAGAGTACTTTAGGGAGGGGTAGAATTCCACGTGTAGCGGTGAAATGCGTAGAGATGTGGAGGAATACCGAAGGCGAAGGCAGCCCCTTGGGAATGTACTGACGCTCATGTGCGAAAGCGTGGGG","k__Bacteria","p__Proteobacteria","c__Gammaproteobacteria","o__Pasteurellales","f__Pasteurellaceae","g__Aggregatibacter","s__",18
