"","ESV7_study$Name"
"KO:K00001","alcohol dehydrogenase [EC:1.1.1.1] (E1.1.1.1, adh)"
"KO:K00010","myo-inositol 2-dehydrogenase / D-chiro-inositol 1-dehydrogenase [EC:1.1.1.18 1.1.1.369] (iolG)"
"KO:K00012","UDPglucose 6-dehydrogenase [EC:1.1.1.22] (UGDH, ugd)"
"KO:K00013","histidinol dehydrogenase [EC:1.1.1.23] (hisD)"
"KO:K00014","shikimate dehydrogenase [EC:1.1.1.25] (aroE)"
"KO:K00018","glycerate dehydrogenase [EC:1.1.1.29] (hprA)"
"KO:K00024","malate dehydrogenase [EC:1.1.1.37] (mdh)"
"KO:K00029","malate dehydrogenase (oxaloacetate-decarboxylating)(NADP+) [EC:1.1.1.40] (E1.1.1.40, maeB)"
"KO:K00031","isocitrate dehydrogenase [EC:1.1.1.42] (IDH1, IDH2, icd)"
"KO:K00033","6-phosphogluconate dehydrogenase [EC:1.1.1.44 1.1.1.343] (PGD, gnd, gntZ)"
"KO:K00036","glucose-6-phosphate 1-dehydrogenase [EC:1.1.1.49 1.1.1.363] (G6PD, zwf)"
"KO:K00041","tagaturonate reductase [EC:1.1.1.58] (uxaB)"
"KO:K00052","3-isopropylmalate dehydrogenase [EC:1.1.1.85] (leuB)"
"KO:K00053","ketol-acid reductoisomerase [EC:1.1.1.86] (ilvC)"
"KO:K00058","D-3-phosphoglycerate dehydrogenase [EC:1.1.1.95] (serA, PHGDH)"
"KO:K00059","3-oxoacyl-[acyl-carrier protein] reductase [EC:1.1.1.100] (fabG)"
"KO:K00067","dTDP-4-dehydrorhamnose reductase [EC:1.1.1.133] (rfbD, rmlD)"
"KO:K00075","UDP-N-acetylmuramate dehydrogenase [EC:1.3.1.98] (murB)"
"KO:K00077","2-dehydropantoate 2-reductase [EC:1.1.1.169] (panE, apbA)"
"KO:K00088","IMP dehydrogenase [EC:1.1.1.205] (guaB)"
"KO:K00097","4-hydroxythreonine-4-phosphate dehydrogenase [EC:1.1.1.262] (pdxA)"
"KO:K00099","1-deoxy-D-xylulose-5-phosphate reductoisomerase [EC:1.1.1.267] (dxr)"
"KO:K00100","E1.1.1.-"
"KO:K00133","aspartate-semialdehyde dehydrogenase [EC:1.2.1.11] (asd)"
"KO:K00134","glyceraldehyde 3-phosphate dehydrogenase [EC:1.2.1.12] (GAPDH, gapA)"
"KO:K00145","N-acetyl-gamma-glutamyl-phosphate reductase [EC:1.2.1.38] (argC)"
"KO:K00147","glutamate-5-semialdehyde dehydrogenase [EC:1.2.1.41] (proA)"
"KO:K00174","2-oxoglutarate/2-oxoacid ferredoxin oxidoreductase subunit alpha [EC:1.2.7.3 1.2.7.11] (korA, oorA, oforA)"
"KO:K00175","2-oxoglutarate/2-oxoacid ferredoxin oxidoreductase subunit beta [EC:1.2.7.3 1.2.7.11] (korB, oorB, oforB)"
"KO:K00176","2-oxoglutarate ferredoxin oxidoreductase subunit delta [EC:1.2.7.3] (korD, oorD)"
"KO:K00177","2-oxoglutarate ferredoxin oxidoreductase subunit gamma [EC:1.2.7.3] (korC, oorC)"
"KO:K00208","enoyl-[acyl-carrier protein] reductase I [EC:1.3.1.9 1.3.1.10] (fabI)"
"KO:K00210","prephenate dehydrogenase [EC:1.3.1.12] (E1.3.1.12)"
"KO:K00215","4-hydroxy-tetrahydrodipicolinate reductase [EC:1.17.1.8] (dapB)"
"KO:K00226","dihydroorotate dehydrogenase (fumarate) [EC:1.3.98.1] (pyrD)"
"KO:K00230","menaquinone-dependent protoporphyrinogen oxidase [EC:1.3.5.3] (hemG)"
"KO:K00239","succinate dehydrogenase / fumarate reductase, flavoprotein subunit [EC:1.3.5.1 1.3.5.4] (sdhA, frdA)"
"KO:K00240","succinate dehydrogenase / fumarate reductase, iron-sulfur subunit [EC:1.3.5.1 1.3.5.4] (sdhB, frdB)"
"KO:K00241","succinate dehydrogenase / fumarate reductase, cytochrome b subunit (sdhC, frdC)"
"KO:K00259","alanine dehydrogenase [EC:1.4.1.1] (ald)"
"KO:K00262","glutamate dehydrogenase (NADP+) [EC:1.4.1.4] (E1.4.1.4, gdhA)"
"KO:K00265","glutamate synthase (NADPH/NADH) large chain [EC:1.4.1.13 1.4.1.14] (gltB)"
"KO:K00266","glutamate synthase (NADPH/NADH) small chain [EC:1.4.1.13 1.4.1.14] (gltD)"
"KO:K00275","pyridoxamine 5'-phosphate oxidase [EC:1.4.3.5] (pdxH, PNPO)"
"KO:K00278","L-aspartate oxidase [EC:1.4.3.16] (nadB)"
"KO:K00281","glycine dehydrogenase [EC:1.4.4.2] (GLDC, gcvP)"
"KO:K00286","pyrroline-5-carboxylate reductase [EC:1.5.1.2] (proC)"
"KO:K00287","dihydrofolate reductase [EC:1.5.1.3] (folA)"
"KO:K00290","saccharopine dehydrogenase (NAD+, L-lysine forming) [EC:1.5.1.7] (LYS1)"
"KO:K00297","methylenetetrahydrofolate reductase (NADPH) [EC:1.5.1.20] (metF, MTHFR)"
"KO:K00330","NADH-quinone oxidoreductase subunit A [EC:1.6.5.3] (nuoA)"
"KO:K00331","NADH-quinone oxidoreductase subunit B [EC:1.6.5.3] (nuoB)"
"KO:K00334","NADH-quinone oxidoreductase subunit E [EC:1.6.5.3] (nuoE)"
"KO:K00335","NADH-quinone oxidoreductase subunit F [EC:1.6.5.3] (nuoF)"
"KO:K00336","NADH-quinone oxidoreductase subunit G [EC:1.6.5.3] (nuoG)"
"KO:K00337","NADH-quinone oxidoreductase subunit H [EC:1.6.5.3] (nuoH)"
"KO:K00338","NADH-quinone oxidoreductase subunit I [EC:1.6.5.3] (nuoI)"
"KO:K00339","NADH-quinone oxidoreductase subunit J [EC:1.6.5.3] (nuoJ)"
"KO:K00340","NADH-quinone oxidoreductase subunit K [EC:1.6.5.3] (nuoK)"
"KO:K00341","NADH-quinone oxidoreductase subunit L [EC:1.6.5.3] (nuoL)"
"KO:K00342","NADH-quinone oxidoreductase subunit M [EC:1.6.5.3] (nuoM)"
"KO:K00343","NADH-quinone oxidoreductase subunit N [EC:1.6.5.3] (nuoN)"
"KO:K00382","dihydrolipoamide dehydrogenase [EC:1.8.1.4] (DLD, lpd, pdhD)"
"KO:K00412","ubiquinol-cytochrome c reductase cytochrome b subunit (CYTB, petB)"
"KO:K00425","cytochrome d ubiquinol oxidase subunit I [EC:1.10.3.-] (cydA)"
"KO:K00426","cytochrome d ubiquinol oxidase subunit II [EC:1.10.3.-] (cydB)"
"KO:K00525","ribonucleoside-diphosphate reductase alpha chain [EC:1.17.4.1] (E1.17.4.1A, nrdA, nrdE)"
"KO:K00527","ribonucleoside-triphosphate reductase [EC:1.17.4.2] (nrdD)"
"KO:K00548","5-methyltetrahydrofolate--homocysteine methyltransferase [EC:2.1.1.13] (metH, MTR)"
"KO:K00558","DNA (cytosine-5)-methyltransferase 1 [EC:2.1.1.37] (DNMT1, dcm)"
"KO:K00560","thymidylate synthase [EC:2.1.1.45] (thyA, TYMS)"
"KO:K00595","precorrin-6Y C5,15-methyltransferase (decarboxylating) [EC:2.1.1.132] (cobL)"
"KO:K00600","glycine hydroxymethyltransferase [EC:2.1.2.1] (glyA, SHMT)"
"KO:K00602","phosphoribosylaminoimidazolecarboxamide formyltransferase / IMP cyclohydrolase [EC:2.1.2.3 3.5.4.10] (purH)"
"KO:K00603","glutamate formiminotransferase [EC:2.1.2.5] (fctD)"
"KO:K00605","aminomethyltransferase [EC:2.1.2.10] (gcvT, AMT)"
"KO:K00606","3-methyl-2-oxobutanoate hydroxymethyltransferase [EC:2.1.2.11] (panB)"
"KO:K00609","aspartate carbamoyltransferase catalytic subunit [EC:2.1.3.2] (pyrB, PYR2)"
"KO:K00610","aspartate carbamoyltransferase regulatory subunit (pyrI)"
"KO:K00615","transketolase [EC:2.2.1.1] (E2.2.1.1, tktA, tktB)"
"KO:K00616","transaldolase [EC:2.2.1.2] (E2.2.1.2, talA, talB)"
"KO:K00625","phosphate acetyltransferase [EC:2.3.1.8] (E2.3.1.8, pta)"
"KO:K00634","phosphate butyryltransferase [EC:2.3.1.19] (ptb)"
"KO:K00640","serine O-acetyltransferase [EC:2.3.1.30] (cysE)"
"KO:K00645","[acyl-carrier-protein] S-malonyltransferase [EC:2.3.1.39] (fabD)"
"KO:K00648","3-oxoacyl-[acyl-carrier-protein] synthase III [EC:2.3.1.180] (fabH)"
"KO:K00651","homoserine O-succinyltransferase [EC:2.3.1.46] (metA)"
"KO:K00652","8-amino-7-oxononanoate synthase [EC:2.3.1.47] (bioF)"
"KO:K00655","1-acyl-sn-glycerol-3-phosphate acyltransferase [EC:2.3.1.51] (plsC)"
"KO:K00656","formate C-acetyltransferase [EC:2.3.1.54] (E2.3.1.54, pflD)"
"KO:K00657","diamine N-acetyltransferase [EC:2.3.1.57] (speG)"
"KO:K00677","UDP-N-acetylglucosamine acyltransferase [EC:2.3.1.129] (lpxA)"
"KO:K00688","starch phosphorylase [EC:2.4.1.1] (E2.4.1.1, glgP, PYG)"
"KO:K00691","maltose phosphorylase [EC:2.4.1.8] (E2.4.1.8, mapA)"
"KO:K00700","1,4-alpha-glucan branching enzyme [EC:2.4.1.18] (glgB)"
"KO:K00703","starch synthase [EC:2.4.1.21] (E2.4.1.21, glgA)"
"KO:K00705","4-alpha-glucanotransferase [EC:2.4.1.25] (malQ)"
"KO:K00721","dolichol-phosphate mannosyltransferase [EC:2.4.1.83] (DPM1)"
"KO:K00748","lipid-A-disaccharide synthase [EC:2.4.1.182] (lpxB)"
"KO:K00757","uridine phosphorylase [EC:2.4.2.3] (udp, UPP)"
"KO:K00759","adenine phosphoribosyltransferase [EC:2.4.2.7] (APRT, apt)"
"KO:K00760","hypoxanthine phosphoribosyltransferase [EC:2.4.2.8] (hprT, hpt, HPRT1)"
"KO:K00761","uracil phosphoribosyltransferase [EC:2.4.2.9] (upp, UPRT)"
"KO:K00762","orotate phosphoribosyltransferase [EC:2.4.2.10] (pyrE)"
"KO:K00763","nicotinate phosphoribosyltransferase [EC:6.3.4.21] (pncB, NAPRT1)"
"KO:K00764","amidophosphoribosyltransferase [EC:2.4.2.14] (purF, PPAT)"
"KO:K00765","ATP phosphoribosyltransferase [EC:2.4.2.17] (hisG)"
"KO:K00766","anthranilate phosphoribosyltransferase [EC:2.4.2.18] (trpD)"
"KO:K00767","nicotinate-nucleotide pyrophosphorylase (carboxylating) [EC:2.4.2.19] (nadC, QPRT)"
"KO:K00768","nicotinate-nucleotide--dimethylbenzimidazole phosphoribosyltransferase [EC:2.4.2.21] (E2.4.2.21, cobU, cobT)"
"KO:K00788","thiamine-phosphate pyrophosphorylase [EC:2.5.1.3] (thiE)"
"KO:K00789","S-adenosylmethionine synthetase [EC:2.5.1.6] (metK)"
"KO:K00790","UDP-N-acetylglucosamine 1-carboxyvinyltransferase [EC:2.5.1.7] (murA)"
"KO:K00791","tRNA dimethylallyltransferase [EC:2.5.1.75] (miaA, TRIT1)"
"KO:K00793","riboflavin synthase [EC:2.5.1.9] (ribE, RIB5)"
"KO:K00794","6,7-dimethyl-8-ribityllumazine synthase [EC:2.5.1.78] (ribH, RIB4)"
"KO:K00796","dihydropteroate synthase [EC:2.5.1.15] (folP)"
"KO:K00798","cob(I)alamin adenosyltransferase [EC:2.5.1.17] (MMAB, pduO)"
"KO:K00800","3-phosphoshikimate 1-carboxyvinyltransferase [EC:2.5.1.19] (aroA)"
"KO:K00812","aspartate aminotransferase [EC:2.6.1.1] (aspB)"
"KO:K00817","histidinol-phosphate aminotransferase [EC:2.6.1.9] (hisC)"
"KO:K00818","acetylornithine aminotransferase [EC:2.6.1.11] (E2.6.1.11, argD)"
"KO:K00820","glucosamine--fructose-6-phosphate aminotransferase (isomerizing) [EC:2.6.1.16] (glmS, GFPT)"
"KO:K00826","branched-chain amino acid aminotransferase [EC:2.6.1.42] (E2.6.1.42, ilvE)"
"KO:K00831","phosphoserine aminotransferase [EC:2.6.1.52] (serC, PSAT1)"
"KO:K00833","adenosylmethionine---8-amino-7-oxononanoate aminotransferase [EC:2.6.1.62] (bioA)"
"KO:K00845","glucokinase [EC:2.7.1.2] (glk)"
"KO:K00847","fructokinase [EC:2.7.1.4] (E2.7.1.4, scrK)"
"KO:K00849","galactokinase [EC:2.7.1.6] (galK)"
"KO:K00850","6-phosphofructokinase 1 [EC:2.7.1.11] (pfkA, PFK)"
"KO:K00853","L-ribulokinase [EC:2.7.1.16] (araB)"
"KO:K00854","xylulokinase [EC:2.7.1.17] (xylB, XYLB)"
"KO:K00857","thymidine kinase [EC:2.7.1.21] (tdk, TK)"
"KO:K00858","NAD+ kinase [EC:2.7.1.23] (ppnK, NADK)"
"KO:K00859","dephospho-CoA kinase [EC:2.7.1.24] (coaE)"
"KO:K00860","adenylylsulfate kinase [EC:2.7.1.25] (cysC)"
"KO:K00864","glycerol kinase [EC:2.7.1.30] (glpK, GK)"
"KO:K00865","glycerate kinase [EC:2.7.1.31] (glxK)"
"KO:K00868","pyridoxine kinase [EC:2.7.1.35] (pdxK, pdxY)"
"KO:K00873","pyruvate kinase [EC:2.7.1.40] (PK, pyk)"
"KO:K00874","2-dehydro-3-deoxygluconokinase [EC:2.7.1.45] (kdgK)"
"KO:K00876","uridine kinase [EC:2.7.1.48] (udk, UCK)"
"KO:K00891","shikimate kinase [EC:2.7.1.71] (E2.7.1.71, aroK, aroL)"
"KO:K00901","diacylglycerol kinase (ATP) [EC:2.7.1.107] (dgkA, DGK)"
"KO:K00912","tetraacyldisaccharide 4'-kinase [EC:2.7.1.130] (lpxK)"
"KO:K00919","4-diphosphocytidyl-2-C-methyl-D-erythritol kinase [EC:2.7.1.148] (ispE)"
"KO:K00925","acetate kinase [EC:2.7.2.1] (ackA)"
"KO:K00927","phosphoglycerate kinase [EC:2.7.2.3] (PGK, pgk)"
"KO:K00928","aspartate kinase [EC:2.7.2.4] (lysC)"
"KO:K00929","butyrate kinase [EC:2.7.2.7] (E2.7.2.7, buk)"
"KO:K00930","acetylglutamate kinase [EC:2.7.2.8] (argB)"
"KO:K00931","glutamate 5-kinase [EC:2.7.2.11] (proB)"
"KO:K00939","adenylate kinase [EC:2.7.4.3] (adk, AK)"
"KO:K00941","hydroxymethylpyrimidine/phosphomethylpyrimidine kinase [EC:2.7.1.49 2.7.4.7] (thiD)"
"KO:K00942","guanylate kinase [EC:2.7.4.8] (E2.7.4.8, gmk)"
"KO:K00945","cytidylate kinase [EC:2.7.4.14] (cmk)"
"KO:K00946","thiamine-monophosphate kinase [EC:2.7.4.16] (thiL)"
"KO:K00948","ribose-phosphate pyrophosphokinase [EC:2.7.6.1] (PRPS, prsA)"
"KO:K00949","thiamine pyrophosphokinase [EC:2.7.6.2] (thiN, TPK1, THI80)"
"KO:K00950","2-amino-4-hydroxy-6-hydroxymethyldihydropteridine diphosphokinase [EC:2.7.6.3] (folK)"
"KO:K00954","pantetheine-phosphate adenylyltransferase [EC:2.7.7.3] (E2.7.7.3A, coaD, kdtB)"
"KO:K00956","sulfate adenylyltransferase subunit 1 [EC:2.7.7.4] (cysN)"
"KO:K00957","sulfate adenylyltransferase subunit 2 [EC:2.7.7.4] (cysD)"
"KO:K00969","nicotinate-nucleotide adenylyltransferase [EC:2.7.7.18] (nadD)"
"KO:K00971","mannose-1-phosphate guanylyltransferase [EC:2.7.7.13] (manC, cpsB)"
"KO:K00973","glucose-1-phosphate thymidylyltransferase [EC:2.7.7.24] (E2.7.7.24, rfbA, rffH)"
"KO:K00978","glucose-1-phosphate cytidylyltransferase [EC:2.7.7.33] (rfbF)"
"KO:K00979","3-deoxy-manno-octulosonate cytidylyltransferase (CMP-KDO synthetase) [EC:2.7.7.38] (kdsB)"
"KO:K00981","phosphatidate cytidylyltransferase [EC:2.7.7.41] (E2.7.7.41, CDS1, CDS2, cdsA)"
"KO:K00983","N-acylneuraminate cytidylyltransferase [EC:2.7.7.43] (E2.7.7.43, neuA, CMAS)"
"KO:K00991","2-C-methyl-D-erythritol 4-phosphate cytidylyltransferase [EC:2.7.7.60] (ispD)"
"KO:K00995","CDP-diacylglycerol--glycerol-3-phosphate 3-phosphatidyltransferase [EC:2.7.8.5] (pgsA, PGS1)"
"KO:K01000","phospho-N-acetylmuramoyl-pentapeptide-transferase [EC:2.7.8.13] (mraY)"
"KO:K01006","pyruvate, orthophosphate dikinase [EC:2.7.9.1] (ppdK)"
"KO:K01012","biotin synthase [EC:2.8.1.6] (bioB)"
"KO:K01057","6-phosphogluconolactonase [EC:3.1.1.31] (PGLS, pgl, devB)"
"KO:K01077","alkaline phosphatase [EC:3.1.3.1] (E3.1.3.1, phoA, phoB)"
"KO:K01079","phosphoserine phosphatase [EC:3.1.3.3] (serB, PSPH)"
"KO:K01081","5'-nucleotidase [EC:3.1.3.5] (E3.1.3.5)"
"KO:K01082","3'(2'), 5'-bisphosphate nucleotidase [EC:3.1.3.7] (cysQ, MET22, BPNT1)"
"KO:K01089","imidazoleglycerol-phosphate dehydratase / histidinol-phosphatase [EC:4.2.1.19 3.1.3.15] (hisB)"
"KO:K01091","phosphoglycolate phosphatase [EC:3.1.3.18] (gph)"
"KO:K01092","myo-inositol-1(or 4)-monophosphatase [EC:3.1.3.25] (E3.1.3.25, IMPA, suhB)"
"KO:K01095","phosphatidylglycerophosphatase A [EC:3.1.3.27] (pgpA)"
"KO:K01176","alpha-amylase [EC:3.2.1.1] (E3.2.1.1, amyA, malS)"
"KO:K01179","endoglucanase [EC:3.2.1.4] (E3.2.1.4)"
"KO:K01183","chitinase [EC:3.2.1.14] (E3.2.1.14)"
"KO:K01187","alpha-glucosidase [EC:3.2.1.20] (malZ)"
"KO:K01190","beta-galactosidase [EC:3.2.1.23] (lacZ)"
"KO:K01193","beta-fructofuranosidase [EC:3.2.1.26] (E3.2.1.26, sacA)"
"KO:K01195","beta-glucuronidase [EC:3.2.1.31] (uidA, GUSB)"
"KO:K01197","hyaluronoglucosaminidase [EC:3.2.1.35] (hya)"
"KO:K01201","glucosylceramidase [EC:3.2.1.45] (GBA, srfJ)"
"KO:K01202","galactosylceramidase [EC:3.2.1.46] (GALC)"
"KO:K01243","adenosylhomocysteine nucleosidase [EC:3.2.2.9] (mtnN, mtn, pfs)"
"KO:K01270","dipeptidase D [EC:3.4.13.-] (pepD)"
"KO:K01424","L-asparaginase [EC:3.5.1.1] (E3.5.1.1, ansA, ansB)"
"KO:K01425","glutaminase [EC:3.5.1.2] (glsA, GLS)"
"KO:K01438","acetylornithine deacetylase [EC:3.5.1.16] (argE)"
"KO:K01442","choloylglycine hydrolase [EC:3.5.1.24] (E3.5.1.24)"
"KO:K01465","dihydroorotase [EC:3.5.2.3] (URA4, pyrC)"
"KO:K01468","imidazolonepropionase [EC:3.5.2.7] (hutI, AMDHD1)"
"KO:K01489","cytidine deaminase [EC:3.5.4.5] (cdd, CDA)"
"KO:K01491","methylenetetrahydrofolate dehydrogenase (NADP+) / methenyltetrahydrofolate cyclohydrolase [EC:1.5.1.5 3.5.4.9] (folD)"
"KO:K01492","phosphoribosylaminoimidazolecarboxamide formyltransferase [EC:2.1.2.3] (E2.1.2.3)"
"KO:K01493","dCMP deaminase [EC:3.5.4.12] (comEB)"
"KO:K01495","GTP cyclohydrolase I [EC:3.5.4.16] (GCH1, folE)"
"KO:K01520","dUTP pyrophosphatase [EC:3.6.1.23] (dut, DUT)"
"KO:K01565","N-sulfoglucosamine sulfohydrolase [EC:3.10.1.1] (SGSH)"
"KO:K01572","oxaloacetate decarboxylase, beta subunit [EC:4.1.1.3] (oadB)"
"KO:K01573","oxaloacetate decarboxylase, gamma subunit [EC:4.1.1.3] (oadG)"
"KO:K01579","aspartate 1-decarboxylase [EC:4.1.1.11] (panD)"
"KO:K01580","glutamate decarboxylase [EC:4.1.1.15] (E4.1.1.15, gadB, gadA, GAD)"
"KO:K01585","arginine decarboxylase [EC:4.1.1.19] (speA)"
"KO:K01586","diaminopimelate decarboxylase [EC:4.1.1.20] (lysA)"
"KO:K01588","5-(carboxyamino)imidazole ribonucleotide mutase [EC:5.4.99.18] (purE)"
"KO:K01591","orotidine-5'-phosphate decarboxylase [EC:4.1.1.23] (pyrF)"
"KO:K01599","uroporphyrinogen decarboxylase [EC:4.1.1.37] (hemE, UROD)"
"KO:K01607","4-carboxymuconolactone decarboxylase [EC:4.1.1.44] (pcaC)"
"KO:K01609","indole-3-glycerol phosphate synthase [EC:4.1.1.48] (trpC)"
"KO:K01610","phosphoenolpyruvate carboxykinase (ATP) [EC:4.1.1.49] (E4.1.1.49, pckA)"
"KO:K01613","phosphatidylserine decarboxylase [EC:4.1.1.65] (psd, PISD)"
"KO:K01620","threonine aldolase [EC:4.1.2.5] (ltaE)"
"KO:K01624","fructose-bisphosphate aldolase, class II [EC:4.1.2.13] (FBA, fbaA)"
"KO:K01625","2-dehydro-3-deoxyphosphogluconate aldolase / (4S)-4-hydroxy-2-oxoglutarate aldolase [EC:4.1.2.14 4.1.3.42] (eda)"
"KO:K01626","3-deoxy-7-phosphoheptulonate synthase [EC:2.5.1.54] (E2.5.1.54, aroF, aroG, aroH)"
"KO:K01627","2-dehydro-3-deoxyphosphooctonate aldolase (KDO 8-P synthase) [EC:2.5.1.55] (kdsA)"
"KO:K01633","dihydroneopterin aldolase [EC:4.1.2.25] (folB)"
"KO:K01647","citrate synthase [EC:2.3.3.1] (CS, gltA)"
"KO:K01649","2-isopropylmalate synthase [EC:2.3.3.13] (leuA)"
"KO:K01652","acetolactate synthase I/II/III large subunit [EC:2.2.1.6] (E2.2.1.6L, ilvB, ilvG, ilvI)"
"KO:K01653","acetolactate synthase I/III small subunit [EC:2.2.1.6] (E2.2.1.6S, ilvH, ilvN)"
"KO:K01654","N-acetylneuraminate synthase [EC:2.5.1.56] (E2.5.1.56, neuB)"
"KO:K01657","anthranilate synthase component I [EC:4.1.3.27] (trpE)"
"KO:K01658","anthranilate synthase component II [EC:4.1.3.27] (trpG)"
"KO:K01662","1-deoxy-D-xylulose-5-phosphate synthase [EC:2.2.1.7] (dxs)"
"KO:K01666","4-hydroxy 2-oxovalerate aldolase [EC:4.1.3.39] (mhpE)"
"KO:K01676","fumarate hydratase, class I [EC:4.2.1.2] (E4.2.1.2A, fumA, fumB)"
"KO:K01681","aconitate hydratase [EC:4.2.1.3] (ACO, acnA)"
"KO:K01685","altronate hydrolase [EC:4.2.1.7] (uxaA)"
"KO:K01686","mannonate dehydratase [EC:4.2.1.8] (uxuA)"
"KO:K01687","dihydroxy-acid dehydratase [EC:4.2.1.9] (ilvD)"
"KO:K01689","enolase [EC:4.2.1.11] (ENO, eno)"
"KO:K01695","tryptophan synthase alpha chain [EC:4.2.1.20] (trpA)"
"KO:K01696","tryptophan synthase beta chain [EC:4.2.1.20] (trpB)"
"KO:K01703","3-isopropylmalate/(R)-2-methylmalate dehydratase large subunit [EC:4.2.1.33 4.2.1.35] (leuC)"
"KO:K01704","3-isopropylmalate/(R)-2-methylmalate dehydratase small subunit [EC:4.2.1.33 4.2.1.35] (leuD)"
"KO:K01710","dTDP-glucose 4,6-dehydratase [EC:4.2.1.46] (E4.2.1.46, rfbB, rffG)"
"KO:K01711","GDPmannose 4,6-dehydratase [EC:4.2.1.47] (gmd, GMDS)"
"KO:K01712","urocanate hydratase [EC:4.2.1.49] (hutU, UROC1)"
"KO:K01714","4-hydroxy-tetrahydrodipicolinate synthase [EC:4.3.3.7] (dapA)"
"KO:K01719","uroporphyrinogen-III synthase [EC:4.2.1.75] (hemD, UROS)"
"KO:K01733","threonine synthase [EC:4.2.3.1] (thrC)"
"KO:K01735","3-dehydroquinate synthase [EC:4.2.3.4] (aroB)"
"KO:K01736","chorismate synthase [EC:4.2.3.5] (aroC)"
"KO:K01737","6-pyruvoyltetrahydropterin/6-carboxytetrahydropterin synthase [EC:4.2.3.12 4.1.2.50] (queD, ptpS, PTS)"
"KO:K01738","cysteine synthase A [EC:2.5.1.47] (cysK)"
"KO:K01740","O-acetylhomoserine (thiol)-lyase [EC:2.5.1.49] (E2.5.1.49, metY)"
"KO:K01745","histidine ammonia-lyase [EC:4.3.1.3] (hutH, HAL)"
"KO:K01752","L-serine dehydratase [EC:4.3.1.17] (E4.3.1.17, sdaA, sdaB, tdcG)"
"KO:K01755","argininosuccinate lyase [EC:4.3.2.1] (argH, ASL)"
"KO:K01756","adenylosuccinate lyase [EC:4.3.2.2] (purB, ADSL)"
"KO:K01770","2-C-methyl-D-erythritol 2,4-cyclodiphosphate synthase [EC:4.6.1.12] (ispF)"
"KO:K01775","alanine racemase [EC:5.1.1.1] (alr)"
"KO:K01776","glutamate racemase [EC:5.1.1.3] (murI)"
"KO:K01778","diaminopimelate epimerase [EC:5.1.1.7] (dapF)"
"KO:K01783","ribulose-phosphate 3-epimerase [EC:5.1.3.1] (rpe, RPE)"
"KO:K01784","UDP-glucose 4-epimerase [EC:5.1.3.2] (galE, GALE)"
"KO:K01785","aldose 1-epimerase [EC:5.1.3.3] (galM, GALM)"
"KO:K01790","dTDP-4-dehydrorhamnose 3,5-epimerase [EC:5.1.3.13] (rfbC, rmlC)"
"KO:K01791","UDP-N-acetylglucosamine 2-epimerase (non-hydrolysing) [EC:5.1.3.14] (wecB)"
"KO:K01803","triosephosphate isomerase (TIM) [EC:5.3.1.1] (TPI, tpiA)"
"KO:K01804","L-arabinose isomerase [EC:5.3.1.4] (araA)"
"KO:K01805","xylose isomerase [EC:5.3.1.5] (xylA)"
"KO:K01807","ribose 5-phosphate isomerase A [EC:5.3.1.6] (rpiA)"
"KO:K01808","ribose 5-phosphate isomerase B [EC:5.3.1.6] (rpiB)"
"KO:K01809","mannose-6-phosphate isomerase [EC:5.3.1.8] (manA, MPI)"
"KO:K01810","glucose-6-phosphate isomerase [EC:5.3.1.9] (GPI, pgi)"
"KO:K01812","glucuronate isomerase [EC:5.3.1.12] (uxaC)"
"KO:K01814","phosphoribosylformimino-5-aminoimidazole carboxamide ribotide isomerase [EC:5.3.1.16] (hisA)"
"KO:K01817","phosphoribosylanthranilate isomerase [EC:5.3.1.24] (trpF)"
"KO:K01821","4-oxalocrotonate tautomerase [EC:5.3.2.6] (praC, xylH)"
"KO:K01834","2,3-bisphosphoglycerate-dependent phosphoglycerate mutase [EC:5.4.2.11] (PGAM, gpmA)"
"KO:K01835","phosphoglucomutase [EC:5.4.2.2] (pgm)"
"KO:K01840","phosphomannomutase [EC:5.4.2.8] (manB)"
"KO:K01841","phosphoenolpyruvate phosphomutase [EC:5.4.2.9] (pepM)"
"KO:K01847","methylmalonyl-CoA mutase [EC:5.4.99.2] (MUT)"
"KO:K01858","myo-inositol-1-phosphate synthase [EC:5.5.1.4] (INO1, ISYNA1)"
"KO:K01885","glutamyl-tRNA synthetase [EC:6.1.1.17] (EARS, gltX)"
"KO:K01886","glutaminyl-tRNA synthetase [EC:6.1.1.18] (QARS, glnS)"
"KO:K01895","acetyl-CoA synthetase [EC:6.2.1.1] (ACSS, acs)"
"KO:K01897","long-chain acyl-CoA synthetase [EC:6.2.1.3] (ACSL, fadD)"
"KO:K01914","aspartate--ammonia ligase [EC:6.3.1.1] (asnA)"
"KO:K01915","glutamine synthetase [EC:6.3.1.2] (glnA, GLUL)"
"KO:K01918","pantoate--beta-alanine ligase [EC:6.3.2.1] (panC)"
"KO:K01921","D-alanine-D-alanine ligase [EC:6.3.2.4] (ddl)"
"KO:K01923","phosphoribosylaminoimidazole-succinocarboxamide synthase [EC:6.3.2.6] (purC)"
"KO:K01924","UDP-N-acetylmuramate--alanine ligase [EC:6.3.2.8] (murC)"
"KO:K01925","UDP-N-acetylmuramoylalanine--D-glutamate ligase [EC:6.3.2.9] (murD)"
"KO:K01929","UDP-N-acetylmuramoyl-tripeptide--D-alanyl-D-alanine ligase [EC:6.3.2.10] (murF)"
"KO:K01933","phosphoribosylformylglycinamidine cyclo-ligase [EC:6.3.3.1] (purM)"
"KO:K01934","5-formyltetrahydrofolate cyclo-ligase [EC:6.3.3.2] (MTHFS)"
"KO:K01935","dethiobiotin synthetase [EC:6.3.3.3] (bioD)"
"KO:K01937","CTP synthase [EC:6.3.4.2] (pyrG, CTPS)"
"KO:K01938","formate--tetrahydrofolate ligase [EC:6.3.4.3] (fhs)"
"KO:K01939","adenylosuccinate synthase [EC:6.3.4.4] (purA, ADSS)"
"KO:K01940","argininosuccinate synthase [EC:6.3.4.5] (argG, ASS1)"
"KO:K01945","phosphoribosylamine--glycine ligase [EC:6.3.4.13] (purD)"
"KO:K01950","NAD+ synthase (glutamine-hydrolysing) [EC:6.3.5.1] (E6.3.5.1, NADSYN1, QNS1, nadE)"
"KO:K01951","GMP synthase (glutamine-hydrolysing) [EC:6.3.5.2] (guaA, GMPS)"
"KO:K01952","phosphoribosylformylglycinamidine synthase [EC:6.3.5.3] (purL, PFAS)"
"KO:K01953","asparagine synthase (glutamine-hydrolysing) [EC:6.3.5.4] (asnB, ASNS)"
"KO:K01955","carbamoyl-phosphate synthase large subunit [EC:6.3.5.5] (carB, CPA2)"
"KO:K01956","carbamoyl-phosphate synthase small subunit [EC:6.3.5.5] (carA, CPA1)"
"KO:K01959","pyruvate carboxylase subunit A [EC:6.4.1.1] (pycA)"
"KO:K01960","pyruvate carboxylase subunit B [EC:6.4.1.1] (pycB)"
"KO:K01961","acetyl-CoA carboxylase, biotin carboxylase subunit [EC:6.4.1.2 6.3.4.14] (accC)"
"KO:K01966","propionyl-CoA carboxylase beta chain [EC:6.4.1.3] (PCCB, pccB)"
"KO:K02108","F-type H+-transporting ATPase subunit a (ATPF0A, atpB)"
"KO:K02109","F-type H+-transporting ATPase subunit b (ATPF0B, atpF)"
"KO:K02110","F-type H+-transporting ATPase subunit c (ATPF0C, atpE)"
"KO:K02111","F-type H+-transporting ATPase subunit alpha [EC:3.6.3.14] (ATPF1A, atpA)"
"KO:K02112","F-type H+-transporting ATPase subunit beta [EC:3.6.3.14] (ATPF1B, atpD)"
"KO:K02113","F-type H+-transporting ATPase subunit delta (ATPF1D, atpH)"
"KO:K02114","F-type H+-transporting ATPase subunit epsilon (ATPF1E, atpC)"
"KO:K02115","F-type H+-transporting ATPase subunit gamma (ATPF1G, atpG)"
"KO:K02117","V/A-type H+-transporting ATPase subunit A [EC:3.6.3.14] (ATPVA, ntpA, atpA)"
"KO:K02118","V/A-type H+-transporting ATPase subunit B (ATPVB, ntpB, atpB)"
"KO:K02120","V/A-type H+-transporting ATPase subunit D (ATPVD, ntpD, atpD)"
"KO:K02121","V/A-type H+-transporting ATPase subunit E (ATPVE, ntpE, atpE)"
"KO:K02123","V/A-type H+-transporting ATPase subunit I (ATPVI, ntpI, atpI)"
"KO:K02124","V/A-type H+-transporting ATPase subunit K (ATPVK, ntpK, atpK)"
"KO:K02169","malonyl-CoA O-methyltransferase [EC:2.1.1.197] (bioC)"
"KO:K02188","cobalt-precorrin-5B (C1)-methyltransferase [EC:2.1.1.195] (cbiD)"
"KO:K02190","sirohydrochlorin cobaltochelatase [EC:4.99.1.3] (cbiK)"
"KO:K02224","cobyrinic acid a,c-diamide synthase [EC:6.3.5.9 6.3.5.11] (cobB-cbiA)"
"KO:K02226","alpha-ribazole phosphatase [EC:3.1.3.73] (cobC2, cobC, phpB)"
"KO:K02227","adenosylcobinamide-phosphate synthase [EC:6.3.1.10] (cbiB, cobD)"
"KO:K02230","cobaltochelatase CobN [EC:6.6.1.2] (cobN)"
"KO:K02231","adenosylcobinamide kinase / adenosylcobinamide-phosphate guanylyltransferase [EC:2.7.1.156 2.7.7.62] (cobP, cobU)"
"KO:K02232","adenosylcobyric acid synthase [EC:6.3.5.10] (cobQ, cbiP)"
"KO:K02233","adenosylcobinamide-GDP ribazoletransferase [EC:2.7.8.26] (E2.7.8.26, cobS, cobV)"
"KO:K02335","DNA polymerase I [EC:2.7.7.7] (DPO1, polA)"
"KO:K02337","DNA polymerase III subunit alpha [EC:2.7.7.7] (DPO3A1, dnaE)"
"KO:K02338","DNA polymerase III subunit beta [EC:2.7.7.7] (DPO3B, dnaN)"
"KO:K02340","DNA polymerase III subunit delta [EC:2.7.7.7] (DPO3D1, holA)"
"KO:K02341","DNA polymerase III subunit delta' [EC:2.7.7.7] (DPO3D2, holB)"
"KO:K02342","DNA polymerase III subunit epsilon [EC:2.7.7.7] (DPO3E, dnaQ)"
"KO:K02343","DNA polymerase III subunit gamma/tau [EC:2.7.7.7] (DPO3G, dnaX)"
"KO:K02371","enoyl-[acyl-carrier protein] reductase II [EC:1.3.1.9] (fabK)"
"KO:K02377","GDP-L-fucose synthase [EC:1.1.1.271] (TSTA3, fcl)"
"KO:K02437","glycine cleavage system H protein (gcvH, GCSH)"
"KO:K02473","UDP-N-acetylglucosamine 4-epimerase [EC:5.1.3.7] (E5.1.3.7, wbpP)"
"KO:K02495","oxygen-independent coproporphyrinogen III oxidase [EC:1.3.99.22] (hemN, hemZ)"
"KO:K02500","cyclase [EC:4.1.3.-] (hisF)"
"KO:K02501","glutamine amidotransferase [EC:2.4.2.-] (hisH)"
"KO:K02517","KDO2-lipid IV(A) lauroyltransferase [EC:2.3.1.241] (lpxL, htrB)"
"KO:K02527","3-deoxy-D-manno-octulosonic-acid transferase [EC:2.4.99.12 2.4.99.13 2.4.99.14 2.4.99.15] (kdtA, waaA)"
"KO:K02536","UDP-3-O-[3-hydroxymyristoyl] glucosamine N-acyltransferase [EC:2.3.1.191] (lpxD)"
"KO:K02548","1,4-dihydroxy-2-naphthoate octaprenyltransferase [EC:2.5.1.74 2.5.1.-] (menA)"
"KO:K02551","2-succinyl-5-enolpyruvyl-6-hydroxy-3-cyclohexene-1-carboxylate synthase [EC:2.2.1.9] (menD)"
"KO:K02563","UDP-N-acetylglucosamine--N-acetylmuramyl-(pentapeptide) pyrophosphoryl-undecaprenol N-acetylglucosamine transferase [EC:2.4.1.227] (murG)"
"KO:K02564","glucosamine-6-phosphate deaminase [EC:3.5.99.6] (nagB, GNPDA)"
"KO:K02775","PTS system, galactitol-specific IIC component (PTS-Gat-EIIC, gatC)"
"KO:K02823","dihydroorotate dehydrogenase electron transfer subunit (pyrDII)"
"KO:K02843","heptosyltransferase II [EC:2.4.-.-] (waaF, rfaF)"
"KO:K03040","DNA-directed RNA polymerase subunit alpha [EC:2.7.7.6] (rpoA)"
"KO:K03043","DNA-directed RNA polymerase subunit beta [EC:2.7.7.6] (rpoB)"
"KO:K03046","DNA-directed RNA polymerase subunit beta' [EC:2.7.7.6] (rpoC)"
"KO:K03077","L-ribulose-5-phosphate 4-epimerase [EC:5.1.3.4] (ulaF, sgaE)"
"KO:K03147","phosphomethylpyrimidine synthase [EC:4.1.99.17] (thiC)"
"KO:K03149","thiazole synthase [EC:2.8.1.10] (thiG)"
"KO:K03150","2-iminoacetate synthase [EC:4.1.99.19] (thiH)"
"KO:K03183","demethylmenaquinone methyltransferase / 2-methoxy-6-polyprenyl-1,4-benzoquinol methylase [EC:2.1.1.163 2.1.1.201] (ubiE)"
"KO:K03269","UDP-2,3-diacylglucosamine hydrolase [EC:3.6.1.54] (lpxH)"
"KO:K03270","3-deoxy-D-manno-octulosonate 8-phosphate phosphatase (KDO 8-P phosphatase) [EC:3.1.3.45] (kdsC)"
"KO:K03271","D-sedoheptulose 7-phosphate isomerase [EC:5.3.1.28] (gmhA, lpcA)"
"KO:K03272","D-beta-D-heptose 7-phosphate kinase / D-beta-D-heptose 1-phosphate adenosyltransferase [EC:2.7.1.167 2.7.7.70] (gmhC, hldE, waaE, rfaE)"
"KO:K03340","diaminopimelate dehydrogenase [EC:1.4.1.16] (dapdh)"
"KO:K03394","precorrin-2/cobalt-factor-2 C20-methyltransferase [EC:2.1.1.130 2.1.1.151] (cobI-cbiL)"
"KO:K03430","2-aminoethylphosphonate-pyruvate transaminase [EC:2.6.1.37] (phnW)"
"KO:K03473","erythronate-4-phosphate dehydrogenase [EC:1.1.1.290] (pdxB)"
"KO:K03474","pyridoxine 5-phosphate synthase [EC:2.6.99.2] (pdxJ)"
"KO:K03517","quinolinate synthase [EC:2.5.1.72] (nadA)"
"KO:K03524","BirA family transcriptional regulator, biotin operon repressor / biotin-[acetyl-CoA-carboxylase] ligase [EC:6.3.4.15] (birA)"
"KO:K03525","type III pantothenate kinase [EC:2.7.1.33] (coaX)"
"KO:K03526","(E)-4-hydroxy-3-methylbut-2-enyl-diphosphate synthase [EC:1.17.7.1 1.17.7.3] (gcpE, ispG)"
"KO:K03527","4-hydroxy-3-methylbut-2-enyl diphosphate reductase [EC:1.17.1.2] (ispH, lytB)"
"KO:K03639","cyclic pyranopterin phosphate synthase [EC:4.1.99.18] (MOCS1, moaA)"
"KO:K03644","lipoic acid synthetase [EC:2.8.1.8] (lipA)"
"KO:K03737","pyruvate-ferredoxin/flavodoxin oxidoreductase [EC:1.2.7.1 1.2.7.-] (por, nifJ)"
"KO:K03783","purine-nucleoside phosphorylase [EC:2.4.2.1] (punA)"
"KO:K03786","3-dehydroquinate dehydratase II [EC:4.2.1.10] (aroQ, qutE)"
"KO:K03787","5'-nucleotidase [EC:3.1.3.5] (surE)"
"KO:K03801","lipoyl(octanoyl) transferase [EC:2.3.1.181] (lipB)"
"KO:K04041","fructose-1,6-bisphosphatase III [EC:3.1.3.11] (fbp3)"
"KO:K04486","histidinol-phosphatase (PHP family) [EC:3.1.3.15] (E3.1.3.15B)"
"KO:K04516","chorismate mutase [EC:5.4.99.5] (AROA1, aroA)"
"KO:K04518","prephenate dehydratase [EC:4.2.1.51] (pheA2)"
"KO:K05306","phosphonoacetaldehyde hydrolase [EC:3.11.1.1] (phnX)"
"KO:K05349","beta-glucosidase [EC:3.2.1.21] (bglX)"
"KO:K05366","penicillin-binding protein 1A [EC:2.4.1.- 3.4.-.-] (mrcA)"
"KO:K05606","methylmalonyl-CoA/ethylmalonyl-CoA epimerase [EC:5.1.99.1] (MCEE, epi)"
"KO:K06001","tryptophan synthase beta chain [EC:4.2.1.20] (trpB)"
"KO:K06041","arabinose-5-phosphate isomerase [EC:5.3.1.13] (kdsD, kpsF)"
"KO:K06131","cardiolipin synthase A/B [EC:2.7.8.-] (clsA_B)"
"KO:K06859","glucose-6-phosphate isomerase, archaeal [EC:5.3.1.9] (pgi1)"
"KO:K06881","bifunctional oligoribonuclease and PAP phosphatase NrnA [EC:3.1.3.7 3.1.13.3] (nrnA)"
"KO:K06920","7-cyano-7-deazaguanine synthase [EC:6.3.4.20] (queC)"
"KO:K07106","N-acetylmuramic acid 6-phosphate etherase [EC:4.2.1.126] (murQ)"
"KO:K07173","S-ribosylhomocysteine lyase [EC:4.4.1.21] (luxS)"
"KO:K07405","alpha-amylase [EC:3.2.1.1] (E3.2.1.1A)"
"KO:K07516","3-hydroxyacyl-CoA dehydrogenase [EC:1.1.1.35] (fadN)"
"KO:K08289","phosphoribosylglycinamide formyltransferase 2 [EC:2.1.2.2] (purT)"
"KO:K08678","UDP-glucuronate decarboxylase [EC:4.1.1.35] (UXS1, uxs)"
"KO:K08679","UDP-glucuronate 4-epimerase [EC:5.1.3.6] (E5.1.3.6)"
"KO:K09011","D-citramalate synthase [EC:2.3.1.182] (cimA)"
"KO:K09457","7-cyano-7-deazaguanine reductase [EC:1.7.1.13] (queF)"
"KO:K09458","3-oxoacyl-[acyl-carrier-protein] synthase II [EC:2.3.1.179] (fabF)"
"KO:K09459","phosphonopyruvate decarboxylase [EC:4.1.1.82] (E4.1.1.82)"
"KO:K09680","type II pantothenate kinase [EC:2.7.1.33] (coaW)"
"KO:K09758","aspartate 4-decarboxylase [EC:4.1.1.12] (asdA)"
"KO:K09789","pimeloyl-[acyl-carrier protein] methyl ester esterase [EC:3.1.1.85] (bioG)"
"KO:K09903","uridylate kinase [EC:2.7.4.22] (pyrH)"
"KO:K10206","LL-diaminopimelate aminotransferase [EC:2.6.1.83] (E2.6.1.83)"
"KO:K11147","dehydrogenase/reductase SDR family member 4 [EC:1.1.-.-] (DHRS4)"
"KO:K11175","phosphoribosylglycinamide formyltransferase 1 [EC:2.1.2.2] (purN)"
"KO:K11645","fructose-bisphosphate aldolase, class I [EC:4.1.2.13] (fbaB)"
"KO:K11717","cysteine desulfurase / selenocysteine lyase [EC:2.8.1.7 4.4.1.16] (sufS)"
"KO:K11752","diaminohydroxyphosphoribosylaminopyrimidine deaminase / 5-amino-6-(5-phosphoribosylamino)uracil reductase [EC:3.5.4.26 1.1.1.193] (ribD)"
"KO:K11753","riboflavin kinase / FMN adenylyltransferase [EC:2.7.1.26 2.7.7.2] (ribF)"
"KO:K11754","dihydrofolate synthase / folylpolyglutamate synthase [EC:6.3.2.12 6.3.2.17] (folC)"
"KO:K11755","phosphoribosyl-ATP pyrophosphohydrolase / phosphoribosyl-AMP cyclohydrolase [EC:3.6.1.31 3.5.4.19] (hisIE)"
"KO:K12111","evolved beta-galactosidase subunit alpha [EC:3.2.1.23] (ebgA)"
"KO:K12251","N-carbamoylputrescine amidase [EC:3.5.1.53] (aguB)"
"KO:K12373","hexosaminidase [EC:3.2.1.52] (HEXA_B)"
"KO:K12524","bifunctional aspartokinase / homoserine dehydrogenase 1 [EC:2.7.2.4 1.1.1.3] (thrA)"
"KO:K13038","phosphopantothenoylcysteine decarboxylase / phosphopantothenate--cysteine ligase [EC:4.1.1.36 6.3.2.5] (coaBC, dfp)"
"KO:K13378","NADH-quinone oxidoreductase subunit C/D [EC:1.6.5.3] (nuoCD)"
"KO:K13747","carboxynorspermidine decarboxylase [EC:4.1.1.96] (nspC)"
"KO:K13789","geranylgeranyl diphosphate synthase, type II [EC:2.5.1.1 2.5.1.10 2.5.1.29] (GGPS)"
"KO:K13829","shikimate kinase / 3-dehydroquinate synthase [EC:2.7.1.71 4.2.3.4] (aroKB)"
"KO:K14155","cystathione beta-lyase [EC:4.4.1.8] (patB, malY)"
"KO:K14652","3,4-dihydroxy 2-butanone 4-phosphate synthase / GTP cyclohydrolase II [EC:4.1.99.12 3.5.4.25] (ribBA)"
"KO:K15633","2,3-bisphosphoglycerate-independent phosphoglycerate mutase [EC:5.4.2.12] (gpmI)"
"KO:K15635","2,3-bisphosphoglycerate-independent phosphoglycerate mutase [EC:5.4.2.12] (apgM)"
"KO:K16055","trehalose 6-phosphate synthase/phosphatase [EC:2.4.1.15 3.1.3.12] (TPS)"
"KO:K16363","UDP-3-O-[3-hydroxymyristoyl] N-acetylglucosamine deacetylase / 3-hydroxyacyl-[acyl-carrier-protein] dehydratase [EC:3.5.1.108 4.2.1.59] (lpxC-fabZ)"
"KO:K17103","CDP-diacylglycerol---serine O-phosphatidyltransferase [EC:2.7.8.8] (CHO1, pssA)"
"KO:K17398","DNA (cytosine-5)-methyltransferase 3A [EC:2.1.1.37] (DNMT3A)"
"KO:K17716","UDP-glucose 4-epimerase [EC:5.1.3.2] (capD)"
"KO:K17828","dihydroorotate dehydrogenase (NAD+) catalytic subunit [EC:1.3.1.14] (pyrDI)"
"KO:K19002","1,2-diacylglycerol 3-alpha-glucosyltransferase [EC:2.4.1.337] (mgs, bgsB)"
